Page,Edits,Editors,Views,Mobile %
"AMBEV",0,0,941294,83.1
"Cleópatra",0,0,739783,99.4
"Campeonato Europeu de Futebol de 2020",417,40,289692,71.9
"Lázaro Barbosa (criminoso)",1,1,281978,85.6
"Corpus Christi",7,7,273457,91.8
"Livro de São Cipriano",3,3,266931,89.9
"Campeonato Europeu de Futebol",48,14,261747,77.0
"TV Senado",1,1,228153,85.5
"Pedro Dom",8,4,196065,89.4
"Área Metropolitana de Lisboa",2,2,192732,73.4
"Pedrinho Matador",11,8,185768,80.9
"Star Life Brasil",0,0,177277,63.1
"Brasil",5,4,174213,69.1
"Copa América",17,9,164026,75.4
"Sony Channel",0,0,161551,76.7
"Canal Brasil",3,3,155727,76.6
"Cristiano Ronaldo",17,11,153563,80.4
"Lista de países por população",1,1,151395,78.4
"Lázaro Barbosa",15,7,136665,90.9
"Parque Nacional de Big Bend",0,0,132490,100.0
"Copa do Mundo FIFA",3,3,129400,77.3
"Signo astrológico",0,0,116831,90.6
"Sweet Tooth (série de televisão)",5,2,116622,90.1
"Bet365",0,0,108229,98.3
"Fundação Padre Anchieta",0,0,104714,86.7
"Esaú e Jacó",0,0,104302,95.9
"Copa América de 2021",182,43,101993,65.4
"Lista de episódios de Naruto Shippuden",0,0,100488,75.8
"Christian Eriksen",28,16,98031,87.2
"Dez Mandamentos",0,0,96093,78.6
"Países Baixos",0,0,96040,78.9
"Lista de presidentes do Brasil",10,3,95951,72.8
"Jair Bolsonaro",20,8,95568,75.6
"Ismael",5,4,92035,93.5
"Geração Y",11,9,91883,74.8
"Meditação",1,1,91633,80.8
"Geração Z",9,8,88647,78.6
"Olivia Rodrigo",39,22,88022,75.9
"Portugal",3,2,86728,68.1
"Nise Yamaguchi",33,14,86602,78.5
"Estados Unidos",9,6,86463,72.1
"Seleção Brasileira de Futebol",102,25,86319,75.1
"Dia dos Namorados",2,2,85698,88.4
"Abraão",0,0,84964,89.2
"Ed e Lorraine Warren",1,1,83383,85.3
"Tabela periódica",0,0,82279,43.2
"Métodos de suicídio",1,1,82195,88.1
"Isabel II do Reino Unido",4,3,81661,83.0
"Lista de assassinos em série por número de vítimas",10,7,80485,78.1
"Otto Alencar",1,1,78326,74.7
"Isaac",0,0,76858,94.3
"Segunda Guerra Mundial",12,6,76816,69.9
"Lista de episódios de Miraculous: As Aventuras de Ladybug",87,10,74619,75.1
"Carlos Wizard Martins",27,17,73071,69.8
"Galinha Pintadinha",0,0,72195,97.6
"Neymar",15,4,71983,78.7
"Maiores artilheiros em seleções de futebol por país",80,12,71828,83.4
"Santo António de Lisboa",7,4,71238,80.1
"Loki",2,2,70895,82.5
"Artur Xexéo",32,19,69985,88.0
"Caso Evandro",12,6,69878,80.0
"Copa do Mundo FIFA de 2022",0,0,69271,76.1
"Élite (série de televisão)",65,16,68772,82.8
"Copa do Mundo FIFA de 2018",0,0,68022,74.4
"Bussunda",3,3,67054,82.2
"Novak Djokovic",29,8,67009,85.9
"Silvio Santos",6,6,66610,85.9
"Gênesis (telenovela)",43,11,66564,84.8
"Comidas típicas de festa junina",0,0,65019,85.2
"Mortes em junho de 2021",127,24,64165,59.9
"Lázaro Barbosa de Souza",7,4,62975,82.8
"Randolfe Rodrigues",21,8,62729,79.4
"Rebeca",4,2,62708,95.7
"4 de Julho Esporte Clube",25,15,62115,83.9
"Leonardo Pareja",3,2,61869,86.4
"Hierarquia militar do Brasil",1,1,61788,75.3
"TV Vitória",2,1,61606,52.7
"A Viagem (1994)",23,12,61572,87.0
"Adolf Hitler",7,5,61130,74.5
"Lionel Messi",24,12,60953,78.7
"Liga das Nações de Voleibol Masculino de 2021",116,9,60379,71.2
"Jogos Olímpicos de Verão de 2020",10,4,60377,62.6
"Jacó",4,3,60350,92.4
"WhatsApp",1,1,59534,20.3
"Campeonato Europeu de Futebol de 2016",1,1,59134,69.3
"Loki (série de televisão)",52,4,59075,69.7
"Clube de Regatas do Flamengo",19,9,58860,75.6
"G7",5,4,58393,78.9
"Primeira Guerra Mundial",6,4,58035,71.1
"Seleção Portuguesa de Futebol",39,19,58028,76.9
"LGBT",4,4,57652,77.5
"Copa do Brasil de Futebol",12,7,57610,76.4
"Macedónia do Norte",1,1,56326,77.7
"Elon Musk",6,5,55915,76.9
"Salve-se Quem Puder (telenovela)",55,17,55821,84.9
"Festa junina",0,0,55227,80.2
"Supremo Tribunal Federal",3,2,55204,71.0
"Krzysztof Kieślowski",8,6,55012,52.8
"Copa do Brasil de Futebol de 2021",103,19,54857,60.3
"Carles Puigdemont",1,1,54196,0.3
"Faustão",?,?,53612,NaN
"Comunismo",?,?,53245,NaN
"BTS",?,?,52015,NaN
"Rafael Nadal",?,?,51889,NaN
"Luiz Inácio Lula da Silva",?,?,51549,NaN
"Nazismo",?,?,51488,NaN
"São Paulo",?,?,51457,NaN
"Hungria",?,?,50860,NaN
"Liga dos Campeões da UEFA",?,?,50632,NaN
"IPhone",?,?,50527,NaN
"Império (telenovela)",?,?,50046,NaN
"Peaky Blinders",?,?,49900,NaN
"YouTube",?,?,49580,NaN
"Seleção Brasileira de Voleibol Masculino",?,?,49508,NaN
"Reino Unido",?,?,48939,NaN
"Roberto Baggio",?,?,48722,NaN
"Lista de campeões em simples de torneios do Grand Slam",?,?,48368,NaN
"Power Couple (5.ª temporada)",?,?,48061,NaN
"Natalia Pasternak",?,?,48048,NaN
"Lista de municípios de Minas Gerais por população",?,?,47852,NaN
"Gênero não binário",?,?,47751,NaN
"Diego Aguirre",?,?,47559,NaN
"National Basketball Association",?,?,46964,NaN
"Esaú",?,?,46927,NaN
"Tiago Henrique Gomes da Rocha",?,?,46549,NaN
"Ricardo Barros",?,?,46540,NaN
"Camila Amado",?,?,46372,NaN
"Lista de municípios do Brasil acima de cem mil habitantes",?,?,46071,NaN
"Gabriel Barbosa",?,?,45894,NaN
"Jogos Olímpicos",?,?,45832,NaN
"Rogério Caboclo",?,?,45665,NaN
"Argentina",?,?,45581,NaN
"Festa junina no Brasil",?,?,45124,NaN
"Adelino Augusto Graça Barbosa Barros",?,?,44806,NaN
"Grey's Anatomy",?,?,44739,NaN
"Queer",?,?,44682,NaN
"Freddie Mercury",?,?,44610,NaN
"Ku Klux Klan",?,?,44537,NaN
"Roger Federer",?,?,44491,NaN
"Now United",?,?,44466,NaN
"Ciro Gomes",?,?,44154,NaN
"Rio de Janeiro",?,?,44143,NaN
"Julgamento de Arne Cheyenne Johnson",?,?,44124,NaN
"Inglaterra",?,?,44072,NaN
"Lista de municípios de São Paulo por população",?,?,43940,NaN
"Eclipse solar",?,?,43674,NaN
"Sylvinho",?,?,43512,NaN
"Pepe (futebolista)",?,?,43466,NaN
"Alemanha",?,?,43450,NaN
"Marie Curie",?,?,43439,NaN
"Mozart Santos",?,?,43423,NaN
"Pandemia de COVID-19",?,?,43386,NaN
"Cabo Verde",?,?,43342,NaN
"Eliminatórias da Copa do Mundo FIFA de 2022",?,?,43199,NaN
"Liga das Nações de Voleibol Feminino de 2021",?,?,43150,NaN
"D. B. Cooper",?,?,43136,NaN
"Gerson Santos da Silva",?,?,43001,NaN
"São Paulo Futebol Clube",?,?,42987,NaN
"Lista de contas mais seguidas no Instagram",?,?,42968,NaN
"Rússia",?,?,42405,NaN
"Renascimento",?,?,42280,NaN
"Dia de Portugal, de Camões e das Comunidades Portuguesas",?,?,42152,NaN
"O Salvador da Pátria",?,?,42085,NaN
"Azerbaijão",?,?,41934,NaN
"Finais da NBA",?,?,41810,NaN
"João Batista",?,?,41740,NaN
"Karl Marx",?,?,41737,NaN
"França",?,?,41700,NaN
"Leonardo (cantor)",?,?,41685,NaN
"Pansexualidade",?,?,41644,NaN
"N'Golo Kanté",?,?,41634,NaN
"Michael Jackson",?,?,41533,NaN
"Getúlio Vargas",?,?,41521,NaN
"União Soviética",?,?,41426,NaN
"Ronaldo Nazário",?,?,41392,NaN
"Lista de partidos políticos do Brasil",?,?,41321,NaN
"Luiz Gonzaga",?,?,41284,NaN
"Comando Vermelho",?,?,41222,NaN
"Canadá",?,?,41151,NaN
"Emma Stone",?,?,40894,NaN
"Elvis Presley",?,?,40844,NaN
"Fernando Henrique Cardoso",?,?,40817,NaN
"Demissexualidade",?,?,40708,NaN
"Maçonaria",?,?,40689,NaN
"Britney Spears",?,?,40671,NaN
"Lü Bu",?,?,40667,NaN
"Minecraft",?,?,40538,NaN
"Ariana Grande",?,?,40494,NaN
"Albert Einstein",?,?,40470,NaN
"Lista de unidades federativas do Brasil por população",?,?,40458,NaN
"Erasmo Carlos",?,?,40320,NaN
"Maníaco do Parque",?,?,40218,NaN
"Carlo Ancelotti",?,?,40137,NaN
"Campeonato Mundial de Fórmula 1 de 2021",?,?,40054,NaN
"Diana, Princesa de Gales",?,?,39779,NaN
"Juan Pablo Vojvoda",?,?,39722,NaN
"Tite (treinador de futebol)",?,?,39662,NaN
"Pelé",?,?,39552,NaN
"Seleção Brasileira de Voleibol Feminino",?,?,39518,NaN
"Sergio Ramos",?,?,39500,NaN
"Jörmungandr",?,?,39391,NaN
"Campeonato Brasileiro de Futebol",?,?,39252,NaN
"Omar Aziz",?,?,39092,NaN
"Bélgica",?,?,38934,NaN
"Romelu Lukaku",?,?,38789,NaN
"Zé Vaqueiro",?,?,38591,NaN
"Europa",?,?,38546,NaN
"Rosa dos ventos",?,?,38272,NaN
"Naruto",?,?,38194,NaN
"R. R. Soares",?,?,38183,NaN
"Israel",?,?,38085,NaN
"São Paulo (estado)",?,?,38047,NaN
"Marco Maciel",?,?,37638,NaN
"Assassino em série",?,?,37487,NaN
"China",?,?,37461,NaN
"Acidente nuclear de Chernobil",?,?,37276,NaN
"Nascimento de João Batista",?,?,37201,NaN
"Leonardo da Vinci",?,?,36850,NaN
"Lista de códigos telefónicos",?,?,36800,NaN
"Espanha",?,?,36743,NaN
"Stephen Hawking",?,?,36738,NaN
"Robert Downey Jr.",?,?,36713,NaN
"América Latina",?,?,36646,NaN
"Jesus",?,?,36540,NaN
"Vincent van Gogh",?,?,36381,NaN
"Doutrina católica sobre os Dez Mandamentos",?,?,36321,NaN
"Suíça",?,?,36137,NaN
"Lampião (cangaceiro)",?,?,35993,NaN
"Christiane Torloni",?,?,35957,NaN
"Nelson Mandela",?,?,35934,NaN
"Dercy Gonçalves",?,?,35900,NaN
"Pedro (apóstolo)",?,?,35827,NaN
"Santos Futebol Clube",?,?,35707,NaN
"Peaky Blinders (série de televisão)",?,?,35697,NaN
"Itália",?,?,35636,NaN
"União Europeia",?,?,35560,NaN
"Homossexualidade na Bíblia",?,?,35550,NaN
"Kylian Mbappé",?,?,35534,NaN
"Sociedade Esportiva Palmeiras",?,?,35480,NaN
"Copa Libertadores da América",?,?,35478,NaN
"Pecado capital",?,?,35405,NaN
"Floyd Mayweather Jr.",?,?,35157,NaN
"Sport Club Corinthians Paulista",?,?,35070,NaN
"Socialismo",?,?,34817,NaN
"Dataprev",?,?,34698,NaN
"Renato Sanches",?,?,34684,NaN
"Copa das Confederações FIFA",?,?,34656,NaN
"BDSM",?,?,34524,NaN
"Copa América de 2019",?,?,34515,NaN
"Leandra Leal",?,?,34422,NaN
"Futebol",?,?,34416,NaN
"Pablo Escobar",?,?,34414,NaN
"Ali Daei",?,?,34208,NaN
"Mês",?,?,34093,NaN
"LeBron James",?,?,33971,NaN
"Ballon d'Or",?,?,33945,NaN
"Lista de mesorregiões e microrregiões de São Paulo",?,?,33943,NaN
"Revolução Francesa",?,?,33923,NaN
"Sport Club Internacional",?,?,33907,NaN
"Bíblia",?,?,33883,NaN
"Paulo de Tarso",?,?,33673,NaN
"Gripe espanhola",?,?,33477,NaN
"Seleção Italiana de Futebol",?,?,33434,NaN
"Cristianismo",?,?,33227,NaN
"Lista de episódios de One Piece",?,?,33199,NaN
"Japão",?,?,33135,NaN
"Luis Miranda (político)",?,?,32962,NaN
"Boku no Hero Academia",?,?,32917,NaN
"Michael Jordan",?,?,32818,NaN
"Gilberto Gil",?,?,32806,NaN
"Torneio de Roland Garros",?,?,32688,NaN
"Trae Young",?,?,32666,NaN
"Lista de demônios",?,?,32490,NaN
"Lúcifer",?,?,32355,NaN
"Red Bull Bragantino",?,?,32303,NaN
"Kevin Durant",?,?,32287,NaN
"Sasaki Kojirō",?,?,32281,NaN
"Gato",?,?,32266,NaN
"Brasília",?,?,32150,NaN
"John McAfee",?,?,31989,NaN
"Pabllo Vittar",?,?,31906,NaN
"Fascismo",?,?,31886,NaN
"Copa do Mundo FIFA de 2014",?,?,31855,NaN
"Ti Ti Ti (2010)",?,?,31748,NaN
"Google",?,?,31715,NaN
"Luís de Camões",?,?,31655,NaN
"A Gata Comeu",?,?,31625,NaN
"Wikipédia",?,?,31560,NaN
"Max Verstappen",?,?,31509,NaN
"Ditadura militar brasileira",?,?,31480,NaN
"Cruella (filme)",?,?,31478,NaN
"Holocausto",?,?,31468,NaN
"Revolução Russa de 1917",?,?,31443,NaN
"Povos indígenas do Brasil",?,?,31415,NaN
"Sagrado Coração de Jesus",?,?,31372,NaN
"Sodoma e Gomorra",?,?,31364,NaN
"Copa do Mundo FIFA de 2026",?,?,31264,NaN
"Antoine Griezmann",?,?,31168,NaN
"João Fernandes (ator)",?,?,31124,NaN
"Kim Kardashian",?,?,31054,NaN
"Peste Negra",?,?,31018,NaN
"Napoleão Bonaparte",?,?,31003,NaN
"Melhor Jogador do Mundo pela FIFA",?,?,30949,NaN
"Thor",?,?,30948,NaN
"Fernando Santos (treinador de futebol)",?,?,30931,NaN
"Instagram",?,?,30904,NaN
"Mortes em 2021",?,?,30868,NaN
"Lilith",?,?,30814,NaN
"Lista de municípios do Paraná por população",?,?,30764,NaN
"Lucifer (série de televisão)",?,?,30749,NaN
"Caso Richthofen",?,?,30739,NaN
"Roberto Carlos",?,?,30542,NaN
"Renan Calheiros",?,?,30531,NaN
"País de Gales",?,?,30400,NaN
"Zlatan Ibrahimović",?,?,30318,NaN
"A Vida da Gente",?,?,30312,NaN
"Lista das maiores torcidas de futebol do Brasil",?,?,30277,NaN
"Futebol nos Jogos Olímpicos",?,?,30274,NaN
"Iluminismo",?,?,30208,NaN
"Língua portuguesa",?,?,30150,NaN
"Moçambique",?,?,30113,NaN
"Cruzeiro Esporte Clube",?,?,30016,NaN
"Igreja Católica",?,?,29943,NaN
"Basquetebol",?,?,29882,NaN
"Lista de símbolos matemáticos",?,?,29861,NaN
"Campeonato Europeu de Futebol de 2004",?,?,29809,NaN
"Che Guevara",?,?,29796,NaN
"Nanatsu no Taizai",?,?,29791,NaN
"Machado de Assis",?,?,29775,NaN
"Hulk (futebolista)",?,?,29762,NaN
"Quetura",?,?,29607,NaN
"Margarida, Condessa de Snowdon",?,?,29441,NaN
"Guerra Fria",?,?,29365,NaN
"Pedro II do Brasil",?,?,29264,NaN
"Zé Pelintra",?,?,29206,NaN
"Protozoário",?,?,29204,NaN
"Anne Frank",?,?,29195,NaN
"Frida Kahlo",?,?,29154,NaN
"Voleibol",?,?,29148,NaN
"Revolução Industrial",?,?,29129,NaN
"Michael Schumacher",?,?,29037,NaN
"Richarlison de Andrade",?,?,28973,NaN
"Seleção Alemã de Futebol",?,?,28933,NaN
"Romário",?,?,28826,NaN
"David Luiz",?,?,28756,NaN
"Futbol Club Barcelona",?,?,28732,NaN
"Bonnie e Clyde",?,?,28727,NaN
"Dinamarca",?,?,28690,NaN
"Caso Eloá Cristina",?,?,28687,NaN
"Copa do Mundo FIFA de 2006",?,?,28682,NaN
"Lewis Hamilton",?,?,28651,NaN
"México",?,?,28633,NaN
"Área 51",?,?,28629,NaN
"Fernando Pessoa",?,?,28589,NaN
"Angola",?,?,28574,NaN
"Turquia",?,?,28449,NaN
"Sócrates",?,?,28429,NaN
"Shingeki no Kyojin",?,?,28379,NaN
"Austrália",?,?,28377,NaN
"Sistema Solar",?,?,28355,NaN
"Bissexualidade",?,?,28290,NaN
"RuPaul's Drag Race (13.ª temporada)",?,?,28269,NaN
"Esquerda e direita (política)",?,?,28258,NaN
"Dejan Petković",?,?,28204,NaN
"Steve Jobs",?,?,28135,NaN
"Liga das Nações de Voleibol Masculino",?,?,28128,NaN
"The Walking Dead (série de televisão)",?,?,28117,NaN
"Império Romano",?,?,28111,NaN
"Copa do Mundo FIFA de 2010",?,?,28111,NaN
"Facebook",?,?,28077,NaN
"Gabriel Monteiro (youtuber)",?,?,28028,NaN
"Pedro I do Brasil",?,?,28015,NaN
"Grêmio Foot-Ball Porto Alegrense",?,?,27880,NaN
"Capoeira",?,?,27855,NaN
"Carlos, Príncipe de Gales",?,?,27843,NaN
"Lista de filmes de maior bilheteria",?,?,27776,NaN
"Ayrton Senna",?,?,27767,NaN
"Minas Gerais",?,?,27732,NaN
"Terra plana",?,?,27662,NaN
"2021 na televisão brasileira",?,?,27651,NaN
"Lista de presidentes dos Estados Unidos",?,?,27644,NaN
"Aquecimento global",?,?,27606,NaN
"Da Cor do Pecado",?,?,27475,NaN
"Alberto Fujimori",?,?,27457,NaN
"Geração X",?,?,27455,NaN
"Malhação Sonhos",?,?,27452,NaN
"Rafael Tolói",?,?,27370,NaN
"Paulo Gustavo",?,?,27356,NaN
"Campeonato Europeu de Futebol de 2012",?,?,27322,NaN
"Kimetsu no Yaiba",?,?,27280,NaN
"Liga das Nações da UEFA",?,?,27180,NaN
"Cristo Redentor",?,?,27133,NaN
"Organização das Nações Unidas",?,?,27051,NaN
"One Piece",?,?,27016,NaN
"Ressurreição de Lázaro",?,?,26934,NaN
"Suástica",?,?,26928,NaN
"Jack, o Estripador",?,?,26922,NaN
"Humano",?,?,26922,NaN
"Lista dos Jogos Olímpicos da Era Moderna",?,?,26877,NaN
"Ismaelitas",?,?,26790,NaN
"Samael",?,?,26705,NaN
"Novas sete maravilhas do mundo",?,?,26679,NaN
"Primeiro Comando da Capital",?,?,26659,NaN
"Marilyn Monroe",?,?,26605,NaN
"Nova Iorque",?,?,26577,NaN
"Partido dos Trabalhadores",?,?,26558,NaN
"Henrique VIII de Inglaterra",?,?,26556,NaN
"Anjo caído",?,?,26522,NaN
"Índia",?,?,26502,NaN
"Seleção Francesa de Futebol",?,?,26393,NaN
"Chelsea Football Club",?,?,26367,NaN
"The Handmaid's Tale (série de televisão)",?,?,26334,NaN
"Real Madrid Club de Fútbol",?,?,26296,NaN
"Billie Eilish",?,?,26220,NaN
"Jugoslávia",?,?,26155,NaN
"Lista de campeões da Fórmula 1",?,?,26135,NaN
"Campeonato Brasileiro de Futebol de 2021 - Série A",?,?,26118,NaN
"Martinho Lutero",?,?,26088,NaN
"Distrito Federal (Brasil)",?,?,26056,NaN
"Democracia",?,?,26053,NaN
"Jorge Luiz Frello Filho",?,?,26015,NaN
"Copa Libertadores da América de 2021",?,?,26003,NaN
"Alice Braga",?,?,25956,NaN
"Anitta",?,?,25940,NaN
"Modern Family",?,?,25928,NaN
"Heath Ledger",?,?,25905,NaN
"Jujutsu Kaisen",?,?,25889,NaN
"Seleção Brasileira de Futebol Feminino",?,?,25823,NaN
"Agar",?,?,25794,NaN
"Ragnarok (série de televisão)",?,?,25790,NaN
"Região Nordeste do Brasil",?,?,25769,NaN
"Pfizer",?,?,25704,NaN
"Guerra de Canudos",?,?,25642,NaN
"Tiranossauro",?,?,25610,NaN
"Dilma Rousseff",?,?,25607,NaN
"Cão",?,?,25570,NaN
"Ataques de 11 de setembro de 2001",?,?,25535,NaN
"Política do café com leite",?,?,25506,NaN
"Corazón indomable",?,?,25432,NaN
"Goran Pandev",?,?,25420,NaN
"Alfabeto grego",?,?,25403,NaN
"Grey's Anatomy (17.ª temporada)",?,?,25402,NaN
"Kylie Jenner",?,?,25401,NaN
"Seleção Argentina de Futebol",?,?,25365,NaN
"Patriota (Brasil)",?,?,25349,NaN
"Bandeira de Portugal",?,?,25324,NaN
"Áustria",?,?,25319,NaN
"África do Sul",?,?,25313,NaN
"Alexandre, o Grande",?,?,25294,NaN
"Lista de países por Índice de Desenvolvimento Humano",?,?,25289,NaN
"Bruce Lee",?,?,25267,NaN
"Clarice Lispector",?,?,25257,NaN
"Lista de cores",?,?,25216,NaN
"Mahatma Gandhi",?,?,25208,NaN
"Globalização",?,?,25134,NaN
"Lista de municípios do Rio Grande do Sul por população",?,?,25084,NaN
"Lista de unidades federativas do Brasil por área",?,?,25013,NaN
"Nikola Tesla",?,?,25003,NaN
"Logan Paul",?,?,24961,NaN
"Clube Atlético Mineiro",?,?,24953,NaN
"Receita Federal do Brasil",?,?,24914,NaN
"Giannis Antetokounmpo",?,?,24908,NaN
"Lista de papas",?,?,24897,NaN
"Cruella de Vil",?,?,24876,NaN
"Miguel (arcanjo)",?,?,24862,NaN
"Whindersson Nunes",?,?,24855,NaN
"Carmo Dalla Vecchia",?,?,24851,NaN
"Formiga (futebolista)",?,?,24812,NaN
"Clube de Regatas Brasil",?,?,24805,NaN
"Vladimir Putin",?,?,24778,NaN
"Martin Luther King Jr.",?,?,24775,NaN
"Club de Regatas Vasco da Gama",?,?,24763,NaN
"Margaret Thatcher",?,?,24702,NaN
"Chéquia",?,?,24670,NaN
"Arnold Schwarzenegger",?,?,24666,NaN
"Racismo",?,?,24626,NaN
"Amácio Mazzaropi",?,?,24607,NaN
"Osmar Terra",?,?,24564,NaN
"Apartheid",?,?,24563,NaN
"Gabriel Leone",?,?,24561,NaN
"Raul Seixas",?,?,24546,NaN
"Jorge VI do Reino Unido",?,?,24535,NaN
"Eduardo Pazuello",?,?,24499,NaN
"América do Sul",?,?,24445,NaN
"Tupac Shakur",?,?,24442,NaN
"Berenice Azambuja",?,?,24417,NaN
"Joaquín Guzmán",?,?,24411,NaN
"Ginástica artística",?,?,24398,NaN
"Governo Lula",?,?,24395,NaN
"Noruega",?,?,24380,NaN
"Omar Sy",?,?,24373,NaN
"Uruguai",?,?,24304,NaN
"Ted Bundy",?,?,24289,NaN
"Seleção Inglesa de Futebol",?,?,24279,NaN
"Rio de Janeiro (estado)",?,?,24278,NaN
"Sistema horário de 12 horas",?,?,24256,NaN
"Rio Grande do Sul",?,?,24211,NaN
"Religião",?,?,24181,NaN
"Taj Mahal",?,?,24147,NaN
"Cocalzinho de Goiás",?,?,24074,NaN
"Diogo Dalot",?,?,24056,NaN
"Prova de Amor (telenovela)",?,?,24041,NaN
"Friends",?,?,24015,NaN
"Ijiranaide, Nagatoro-san",?,?,24001,NaN
"Josef Stalin",?,?,24001,NaN
"Ranking Mundial da FIFA",?,?,23923,NaN
"The Beatles",?,?,23901,NaN
"Coreia do Norte",?,?,23805,NaN
"Eliminatórias da Copa do Mundo FIFA de 2022 – CONMEBOL",?,?,23769,NaN
"Egito",?,?,23760,NaN
"Elba Ramalho",?,?,23740,NaN
"Dança de salão",?,?,23735,NaN
"Lista de personagens de Naruto",?,?,23709,NaN
"João Acácio Pereira da Costa",?,?,23699,NaN
"Continente",?,?,23689,NaN
"Unidades federativas do Brasil",?,?,23678,NaN
"Angelina Jolie",?,?,23599,NaN
"Copa do Mundo FIFA de 2002",?,?,23591,NaN
"Lista das pessoas mais velhas do mundo",?,?,23581,NaN
"Chile",?,?,23571,NaN
"Pedro Castillo",?,?,23551,NaN
"Lisboa",?,?,23519,NaN
"Forró",?,?,23518,NaN
"Islândia",?,?,23467,NaN
"Wicca",?,?,23460,NaN
"Arón Piper",?,?,23409,NaN
"Jogos Olímpicos de Verão de 2016",?,?,23379,NaN
"Avril Lavigne",?,?,23364,NaN
"Estátua da Liberdade",?,?,23341,NaN
"Ronaldinho",?,?,23335,NaN
"Zé Roberto (futebolista)",?,?,23327,NaN
"Estatura",?,?,23297,NaN
"The Vampire Diaries (série de televisão)",?,?,23284,NaN
"Bahia",?,?,23265,NaN
"Dragon Ball (série)",?,?,23254,NaN
"Thiago Lacerda",?,?,23253,NaN
"AstraZeneca",?,?,23252,NaN
"Nubank",?,?,23186,NaN
"Paul Pogba",?,?,23183,NaN
"Azitromicina",?,?,23182,NaN
"The Bold Type",?,?,23109,NaN
"Seleção Neerlandesa de Futebol",?,?,23061,NaN
"Presidente do Brasil",?,?,23059,NaN
"Idade Média",?,?,23059,NaN
"Ragnarök",?,?,23056,NaN
"Pardos",?,?,23050,NaN
"Dua Lipa",?,?,23047,NaN
"Vanessa Lóes",?,?,23022,NaN
"Fernandinho Beira-Mar",?,?,23004,NaN
"Lázaro",?,?,22982,NaN
"Hernán Crespo",?,?,22948,NaN
"Islão",?,?,22947,NaN
"Winston Churchill",?,?,22923,NaN
"Lista de episódios de Naruto",?,?,22869,NaN
"Campeonato Europeu de Futebol de 2008",?,?,22857,NaN
"Curitiba",?,?,22834,NaN
"Gustavo Kuerten",?,?,22817,NaN
"Xuxa",?,?,22813,NaN
"Dia dos Pais",?,?,22810,NaN
"Platão",?,?,22798,NaN
"Aristóteles",?,?,22787,NaN
"Peru",?,?,22763,NaN
"Confederação Brasileira de Futebol",?,?,22740,NaN
"Terra",?,?,22722,NaN
"Âmbar cinza",?,?,22708,NaN
"Índice de Desenvolvimento Humano",?,?,22707,NaN
"Celso Pinheiro Pimenta",?,?,22645,NaN
"Tiago Leifert",?,?,22641,NaN
"American Horror Story",?,?,22636,NaN
"Roque Santeiro",?,?,22571,NaN
"Singapura",?,?,22536,NaN
"Sigmund Freud",?,?,22500,NaN
"Game of Thrones",?,?,22479,NaN
"Ricardo de Aquino Salles",?,?,22465,NaN
"Tim Maia",?,?,22454,NaN
"Nanda Costa",?,?,22414,NaN
"Chico Buarque",?,?,22413,NaN
"Antigo Egito",?,?,22412,NaN
"África",?,?,22398,NaN
"Judaísmo",?,?,22389,NaN
"Juliette Freire",?,?,22348,NaN
"Luís XIV de França",?,?,22340,NaN
"William Shakespeare",?,?,22270,NaN
"Damas",?,?,22256,NaN
"Samba",?,?,22245,NaN
"Grande Depressão",?,?,22240,NaN
"Charlie Chaplin",?,?,22181,NaN
"Sociedade Desportiva Juazeirense",?,?,22171,NaN
"O. J. Simpson",?,?,22145,NaN
"Nicolau Copérnico",?,?,22119,NaN
"Galileu Galilei",?,?,22091,NaN
"Hierarquia de necessidades de Maslow",?,?,22091,NaN
"Boerboel",?,?,22074,NaN
"Rafael Cardoso",?,?,22073,NaN
"Rosário (catolicismo)",?,?,22061,NaN
"Lista de países e territórios por área",?,?,22018,NaN
"Solstício de inverno",?,?,22010,NaN
"Friedrich Nietzsche",?,?,22004,NaN
"Leão",?,?,21993,NaN
"Brasil na Copa do Mundo FIFA de 2002",?,?,21989,NaN
"Lista de países por PIB nominal",?,?,21982,NaN
"Jô Soares",?,?,21973,NaN
"Marcos Rogério",?,?,21958,NaN
"Lista de artilheiros da Copa do Mundo FIFA",?,?,21950,NaN
"Salmo 23",?,?,21942,NaN
"Esporte Clube Juventude",?,?,21932,NaN
"Suécia",?,?,21915,NaN
"Santos Dumont",?,?,21908,NaN
"Marcola",?,?,21882,NaN
"The Big Bang Theory",?,?,21842,NaN
"Coronavírus",?,?,21842,NaN
"Paraíso Tropical",?,?,21841,NaN
"Sylvester Stallone",?,?,21818,NaN
"Fernando Collor",?,?,21800,NaN
"Robert Lewandowski",?,?,21776,NaN
"Moisés",?,?,21770,NaN
"Lista dos recordes mundiais de futebol",?,?,21749,NaN
"Keiko Fujimori",?,?,21737,NaN
"Lista de finais masculinas em simples do Torneio de Roland Garros",?,?,21736,NaN
"MC Kevin",?,?,21687,NaN
"RMS Titanic",?,?,21687,NaN
"William Bonner",?,?,21685,NaN
"TikTok",?,?,21652,NaN
"Sistemas táticos do voleibol",?,?,21623,NaN
"Dia das Crianças",?,?,21621,NaN
"Adriano Imperador",?,?,21603,NaN
"Intersexo",?,?,21583,NaN
"Frederico Chaves Guedes",?,?,21555,NaN
"Belo Horizonte",?,?,21507,NaN
"Filosofia",?,?,21501,NaN
"Li Martins",?,?,21487,NaN
"Estádio Olímpico Pedro Ludovico Teixeira",?,?,21464,NaN
"Mona Lisa",?,?,21448,NaN
"Estádio de La Cartuja",?,?,21430,NaN
"Bandeira do Brasil",?,?,21419,NaN
"Lista de municípios do Brasil",?,?,21388,NaN
"Vitória do Reino Unido",?,?,21385,NaN
"Pernambuco",?,?,21379,NaN
"Pega Pega",?,?,21320,NaN
"Ginástica rítmica",?,?,21316,NaN
"Voleibol nos Jogos Olímpicos",?,?,21295,NaN
"Dwayne Johnson",?,?,21267,NaN
"Santa Catarina",?,?,21266,NaN
"Ucrânia",?,?,21252,NaN
"Hinduísmo",?,?,21251,NaN
"Andriy Shevchenko",?,?,21250,NaN
"Escócia",?,?,21247,NaN
"Guerra do Vietnã",?,?,21238,NaN
"Illuminati",?,?,21230,NaN
"Massacre da Praça da Paz Celestial em 1989",?,?,21211,NaN
"Reforma Protestante",?,?,21188,NaN
"Rebelião de Stonewall",?,?,21184,NaN
"Harry Potter",?,?,21176,NaN
"Jennifer Aniston",?,?,21158,NaN
"2021",?,?,21149,NaN
"Liberalismo",?,?,21147,NaN
"Club Athletico Paranaense",?,?,21133,NaN
"Zeus",?,?,21124,NaN
"Coca-Cola",?,?,21115,NaN
"Gianluigi Buffon",?,?,21105,NaN
"Benito Mussolini",?,?,21102,NaN
"Erling Haaland",?,?,21090,NaN
"Keanu Reeves",?,?,21067,NaN
"Fluminense Football Club",?,?,21066,NaN
"Liga dos Campeões da UEFA de 2021–22",?,?,21064,NaN
"Filipe, Duque de Edimburgo",?,?,21046,NaN
"Sergio Agüero",?,?,21035,NaN
"Star Wars",?,?,21032,NaN
"Jogos Paraolímpicos",?,?,21027,NaN
"Estados dos Estados Unidos",?,?,20981,NaN
"Luiz Felipe Scolari",?,?,20981,NaN
"Lan Lan",?,?,20968,NaN
"Hip hop",?,?,20929,NaN
"Seleção Belga de Futebol",?,?,20913,NaN
"Revolução de 1930",?,?,20876,NaN
"Carlos Henrique Casemiro",?,?,20871,NaN
"Ragnar Lodbrok",?,?,20855,NaN
"Milícia (criminalidade no Brasil)",?,?,20853,NaN
"Campeonato Brasileiro de Futebol de 2021 - Série D",?,?,20846,NaN
"Stefanos Tsitsipas",?,?,20845,NaN
"Coreia do Sul",?,?,20843,NaN
"Emerson Royal",?,?,20820,NaN
"Alemão (filme)",?,?,20801,NaN
"Pica-Pau (personagem)",?,?,20789,NaN
"Scarlett Johansson",?,?,20778,NaN
"Sexo",?,?,20756,NaN
"Comorbidade",?,?,20730,NaN
"Memphis Depay",?,?,20718,NaN
"101 Dálmatas",?,?,20715,NaN
"José Ferreira Neto",?,?,20701,NaN
"Henrique de Gouveia e Melo",?,?,20701,NaN
"Leandro (cantor)",?,?,20668,NaN
"Zinédine Zidane",?,?,20661,NaN
"Revolução Constitucionalista de 1932",?,?,20656,NaN
"Paulo Freire",?,?,20639,NaN
"Elis Regina",?,?,20604,NaN
"Alceu Valença",?,?,20595,NaN
"Roupa Nova",?,?,20558,NaN
"Língua inglesa",?,?,20550,NaN
"Goiás",?,?,20546,NaN
"Thalía",?,?,20540,NaN
"Lua",?,?,20506,NaN
"Adão e Eva",?,?,20476,NaN
"Brooklyn Nets",?,?,20447,NaN
"Civilização maia",?,?,20439,NaN
"Tarsila do Amaral",?,?,20425,NaN
"Selton Mello",?,?,20418,NaN
"Isaac Newton",?,?,20418,NaN
"Queen",?,?,20339,NaN
"Lady Gaga",?,?,20333,NaN
"Karim Benzema",?,?,20320,NaN
"Pará",?,?,20319,NaN
"Sweet Tooth",?,?,20309,NaN
"Alfabeto",?,?,20302,NaN
"Grécia Antiga",?,?,20289,NaN
"Dexametasona",?,?,20266,NaN
"Barra do Mendes",?,?,20261,NaN
"Lucas Paquetá",?,?,20255,NaN
"João Doria",?,?,20217,NaN
"Agostinho de Hipona",?,?,20193,NaN
"Juscelino Kubitschek",?,?,20178,NaN
"Croácia",?,?,20159,NaN
"Lista das cidades mais populosas do mundo",?,?,20158,NaN
"Lista de municípios de Pernambuco por população",?,?,20149,NaN
"Novo Testamento",?,?,20113,NaN
"Garota de Fora",?,?,20091,NaN
"Paris Saint-Germain Football Club",?,?,20079,NaN
"Mia Khalifa",?,?,20078,NaN
"Clima",?,?,20060,NaN
"Eleição presidencial no Brasil em 2018",?,?,20049,NaN
"Miklós Fehér",?,?,20043,NaN
"Domingão do Faustão",?,?,20042,NaN
"Nova Ordem Mundial (teoria conspiratória)",?,?,20041,NaN
"Enéas Carneiro",?,?,20037,NaN
"Venezuela",?,?,20020,NaN
"Copa do Mundo de Clubes da FIFA",?,?,19987,NaN
"Juliana Paiva",?,?,19986,NaN
"Marta (futebolista)",?,?,19985,NaN
"Bill Gates",?,?,19985,NaN
"Boruto: Naruto Next Generations",?,?,19963,NaN
"Grécia",?,?,19962,NaN
"Luca (2021)",?,?,19951,NaN
"Walter Casagrande",?,?,19947,NaN
"Lista de recordes da NBA",?,?,19940,NaN
"Religião no Brasil",?,?,19903,NaN
"Shih-tzu",?,?,19896,NaN
"Paulo Marinho (empresário)",?,?,19859,NaN
"Júlio César",?,?,19858,NaN
"De Férias com o Ex Brasil Celebs 2",?,?,19841,NaN
"Mesopotâmia",?,?,19840,NaN
"Microsoft Excel",?,?,19838,NaN
"Luxemburgo",?,?,19837,NaN
"Mercedes Sosa",?,?,19826,NaN
"Budismo",?,?,19813,NaN
"Everybody Hates Chris",?,?,19808,NaN
"Alessandro Vieira",?,?,19782,NaN
"Império Otomano",?,?,19774,NaN
"Lista de campeões do Torneio de Roland Garros",?,?,19754,NaN
"Budapeste",?,?,19750,NaN
"Campeonato Brasileiro de Futebol - Série B",?,?,19744,NaN
"COVID-19",?,?,19743,NaN
"Big Bang",?,?,19716,NaN
"McDonald's",?,?,19707,NaN
"Massagem tântrica",?,?,19683,NaN
"Psicologia",?,?,19681,NaN
"Tom Holland (ator)",?,?,19679,NaN
"Umbanda",?,?,19661,NaN
"Ásia",?,?,19646,NaN
"Tamanho de papel",?,?,19609,NaN
"Bitcoin",?,?,19608,NaN
"Campeonato Europeu de Futebol de 2024",?,?,19594,NaN
"Labão",?,?,19547,NaN
"Sara",?,?,19520,NaN
"Tratado de Tordesilhas",?,?,19514,NaN
"Osama bin Laden",?,?,19497,NaN
"Renato Russo",?,?,19482,NaN
"Lista dos 100 melhores filmes brasileiros segundo a ABRACCINE",?,?,19470,NaN
"Mitologia grega",?,?,19464,NaN
"Milwaukee Bucks",?,?,19453,NaN
"João Amoêdo",?,?,19437,NaN
"Maomé",?,?,19422,NaN
"Felipe Neto",?,?,19418,NaN
"Google Chrome",?,?,19390,NaN
"Sol",?,?,19387,NaN
"Paraná",?,?,19383,NaN
"Kaká",?,?,19379,NaN
"Lista de medalhas brasileiras nos Jogos Olímpicos",?,?,19375,NaN
"Ranking da Federação Internacional de Voleibol",?,?,19363,NaN
"Finlândia",?,?,19362,NaN
"Feminismo",?,?,19349,NaN
"Fraude",?,?,19319,NaN
"Composição étnica do Brasil",?,?,19308,NaN
"Stephen Curry",?,?,19290,NaN
"Jennifer Lopez",?,?,19286,NaN
"Anime",?,?,19281,NaN
"Os Lusíadas",?,?,19278,NaN
"Whitney Houston",?,?,19268,NaN
"Alemanha Nazista",?,?,19263,NaN
"Danilo Avelar",?,?,19259,NaN
"Dinossauros",?,?,19252,NaN
"Jorge Paulo Lemann",?,?,19245,NaN
"Måneskin",?,?,19242,NaN
"John F. Kennedy",?,?,19242,NaN
"Botafogo de Futebol e Regatas",?,?,19240,NaN
"Israel Adesanya",?,?,19238,NaN
"Estoicismo",?,?,19229,NaN
"CPI da COVID-19",?,?,19217,NaN
"Roberto Mancini",?,?,19193,NaN
"Rubí (2020)",?,?,19186,NaN
"Abraham Lincoln",?,?,19170,NaN
"Cuba",?,?,19166,NaN
"Proclamação da República do Brasil",?,?,19163,NaN
"Andrea Bocelli",?,?,19140,NaN
"El Salvador",?,?,19126,NaN
"Lisca",?,?,19125,NaN
"Odin",?,?,19063,NaN
"TV Globo",?,?,19062,NaN
"Guilherme, Duque de Cambridge",?,?,19045,NaN
"Gusttavo Lima",?,?,19031,NaN
"Calendário hagiológico",?,?,18993,NaN
"Goiânia",?,?,18988,NaN
"Marina Ruy Barbosa",?,?,18986,NaN
"Polónia",?,?,18961,NaN
"Atletismo",?,?,18951,NaN
"Football Club Internazionale Milano",?,?,18951,NaN
"Jeff Bezos",?,?,18933,NaN
"Beyoncé",?,?,18932,NaN
"Grand Slam de tênis",?,?,18915,NaN
"TV Câmara",?,?,18913,NaN
"Campeonato Brasileiro de Futebol de 2020 - Série A",?,?,18891,NaN
"Partido Social Democrático (2011)",?,?,18873,NaN
"Conor McGregor",?,?,18870,NaN
"Breaking Bad",?,?,18858,NaN
"Disputa sobre o nome da Macedônia",?,?,18854,NaN
"Chris Paul",?,?,18814,NaN
"2 Girls 1 Cup",?,?,18796,NaN
"Sistema Brasileiro de Televisão",?,?,18794,NaN
"Maria da Escócia",?,?,18769,NaN
"Renato Gaúcho",?,?,18765,NaN
"Eduardo VIII do Reino Unido",?,?,18754,NaN
"Internet",?,?,18754,NaN
"Cameron Boyce",?,?,18747,NaN
"Emiliano Rigoni",?,?,18732,NaN
"Salomão",?,?,18691,NaN
"Fortaleza",?,?,18673,NaN
"Barroco",?,?,18652,NaN
"Ivermectina",?,?,18638,NaN
"Galvão Bueno",?,?,18632,NaN
"A Indomada",?,?,18629,NaN
"Tiago Abravanel",?,?,18624,NaN
"Liga das Nações de Voleibol Feminino",?,?,18615,NaN
"Guerra do Paraguai",?,?,18612,NaN
"Seleção Brasileira de Futebol Sub-23",?,?,18583,NaN
"Igreja Adventista do Sétimo Dia",?,?,18577,NaN
"David Alaba",?,?,18569,NaN
"Pablo Picasso",?,?,18545,NaN
"Tom Hiddleston",?,?,18506,NaN
"Malala Yousafzai",?,?,18505,NaN
"José (filho de Jacob)",?,?,18480,NaN
"Torre Eiffel",?,?,18451,NaN
"Paolla Oliveira",?,?,18447,NaN
"Fortaleza Esporte Clube",?,?,18437,NaN
"Sebastião José de Carvalho e Melo",?,?,18430,NaN
"Torneio de Wimbledon",?,?,18424,NaN
"Panthera onca",?,?,18421,NaN
"Marte (planeta)",?,?,18412,NaN
"Seleção Uruguaia de Futebol",?,?,18397,NaN
"Cillian Murphy",?,?,18387,NaN
"Orgulho e Paixão",?,?,18353,NaN
"Tom Cruise",?,?,18352,NaN
"Stranger Things",?,?,18346,NaN
"Lista de países e capitais em línguas locais",?,?,18325,NaN
"Isabel I de Inglaterra",?,?,18311,NaN
"Leviatã",?,?,18305,NaN
"Marjorie Estiano",?,?,18303,NaN
"Colômbia",?,?,18297,NaN
"How I Met Your Mother",?,?,18294,NaN
"Barack Obama",?,?,18271,NaN
"Miraculous: As Aventuras de Ladybug",?,?,18261,NaN
"Vitória Strada",?,?,18257,NaN
"Cássia Eller",?,?,18239,NaN
"Papa Francisco",?,?,18231,NaN
"Cazuza",?,?,18225,NaN
"Romantismo",?,?,18223,NaN
"Abimeleque de Gerar",?,?,18221,NaN
"Emmanuel Macron",?,?,18194,NaN
"Rogério Ceni",?,?,18189,NaN
"Satanismo",?,?,18186,NaN
"Joe Biden",?,?,18176,NaN
"Luciano Huck",?,?,18108,NaN
"Deborah Secco",?,?,18105,NaN
"Michael Douglas",?,?,18074,NaN
"Ló",?,?,18059,NaN
"Pedro Guilherme Abreu dos Santos",?,?,18056,NaN
"Kris Jenner",?,?,18037,NaN
"HBO Max",?,?,18014,NaN
"Cavaleiros do Apocalipse",?,?,18009,NaN
"Abraxas",?,?,18006,NaN
"Zico",?,?,18006,NaN
"Imigração no Brasil",?,?,18006,NaN
"Lista de telenovelas das seis da TV Globo",?,?,18000,NaN
"Mare of Easttown",?,?,17987,NaN
"Immanuel Kant",?,?,17975,NaN
"Chico Xavier",?,?,17956,NaN
"Salvador",?,?,17955,NaN
"Loading",?,?,17955,NaN
"Espiritismo",?,?,17908,NaN
"Baphomet",?,?,17895,NaN
"José Sarney",?,?,17890,NaN
"Marco Silva",?,?,17886,NaN
"História do Brasil",?,?,17884,NaN
"Netflix",?,?,17875,NaN
"Cuiabá Esporte Clube",?,?,17870,NaN
"Vin Diesel",?,?,17861,NaN
"Ariano Suassuna",?,?,17855,NaN
"Mitologia nórdica",?,?,17850,NaN
"Copa do Mundo FIFA de 1994",?,?,17839,NaN
"Capitalismo",?,?,17829,NaN
"Lista de campeões do UFC",?,?,17827,NaN
"Amigos dos Amigos",?,?,17826,NaN
"História",?,?,17812,NaN
"Fábio Júnior",?,?,17809,NaN
"Alan Turing",?,?,17808,NaN
"Cristóvão Colombo",?,?,17773,NaN
"Recopa Gaúcha",?,?,17771,NaN
"Lista de telenovelas latinas exibidas pelo SBT",?,?,17768,NaN
"Frederico Rodrigues Santos",?,?,17761,NaN
"Lista das pessoas mais ricas do Brasil",?,?,17751,NaN
"Meio ambiente",?,?,17745,NaN
"Rihanna",?,?,17739,NaN
"João Moutinho",?,?,17713,NaN
"Descoberta do Brasil",?,?,17713,NaN
"Ester Expósito",?,?,17713,NaN
"Leonardo DiCaprio",?,?,17703,NaN
"Exu de Umbanda",?,?,17701,NaN
"Triângulo das Bermudas",?,?,17698,NaN
"República da Irlanda",?,?,17694,NaN
"Meghan, Duquesa de Sussex",?,?,17686,NaN
"Thanos",?,?,17681,NaN
"Liga Europa da UEFA",?,?,17658,NaN
"Arte",?,?,17646,NaN
"Joachim Löw",?,?,17627,NaN
"Lista de telenovelas das oito da TV Globo",?,?,17615,NaN
"Cipriano e Justina",?,?,17597,NaN
"Ultimate Fighting Championship",?,?,17584,NaN
"Independência do Brasil",?,?,17579,NaN
"Lista de estados brasileiros por número de municípios",?,?,17569,NaN
"Lista de telenovelas das sete da TV Globo",?,?,17565,NaN
"Copa América Centenário",?,?,17559,NaN
"JoJo no Kimyo na Boken",?,?,17547,NaN
"Prison Break",?,?,17542,NaN
"Seleção Espanhola de Futebol",?,?,17535,NaN
"Thiago Silva",?,?,17525,NaN
"Gabriel Jesus",?,?,17522,NaN
"Manchester United Football Club",?,?,17510,NaN
"Método científico",?,?,17509,NaN
"Ministérios do Brasil",?,?,17505,NaN
"Diogo Jota",?,?,17500,NaN
"Guilherme Winter",?,?,17480,NaN
"Douglas Costa",?,?,17468,NaN
"Brad Pitt",?,?,17460,NaN
"Organização do Tratado do Atlântico Norte",?,?,17447,NaN
"Jackie Chan",?,?,17446,NaN
"Luciano Hang",?,?,17444,NaN
"Dança folclórica",?,?,17444,NaN
"Porto Alegre",?,?,17434,NaN
"MILF",?,?,17422,NaN
"YHWH",?,?,17418,NaN
"American Bully",?,?,17395,NaN
"Judeus",?,?,17390,NaN
"Adult Swim",?,?,17376,NaN
"Bombardeamentos de Hiroshima e Nagasaki",?,?,17372,NaN
"Espírito Santo (estado)",?,?,17367,NaN
"Ederzito António Macedo Lopes",?,?,17366,NaN
"Shaquille O'Neal",?,?,17361,NaN
"Indonésia",?,?,17351,NaN
"Campeonato Europeu de Futebol de 2000",?,?,17349,NaN
"Elenco de A Vida da Gente",?,?,17337,NaN
"Lista de municípios do Brasil por população (2020)",?,?,17337,NaN
"Filmes do Universo Cinematográfico Marvel",?,?,17329,NaN
"O Mito de Sísifo",?,?,17326,NaN
"Arsène Lupin",?,?,17311,NaN
"Cultura",?,?,17303,NaN
"Pirenópolis",?,?,17295,NaN
"Power Couple (Brasil)",?,?,17293,NaN
"Lobo",?,?,17284,NaN
"A Portuguesa",?,?,17270,NaN
